Tool name,异常处理平均耗时
ASCR03,0.04
ASCR02,0.07666666666666666
ASEM01,0.185
APAC01,0.37000000000000005
ASTR01,0.3933333333333333
ATHK01,0.5097142857142856
AWFM01,0.5116666666666666
AAFM01,0.5752307692307691
APVD01-D,0.6681632653061225
ACVD01,0.6961111111111111
APVD01-E,0.775
APVD01-A,0.815
ATRM02,0.8342222222222222
ACVD01-B,0.9796774193548389
ADET01,1
AWBG01,1.1984
APRF01,1.3799999999999997
AEGN01,1.4006796116504858
AICP01-B,1.4300000000000002
ALIF01,1.4527173913043483
ACLN01,1.5
ATRM02-B,1.5079069767441857
ATAP01,1.5938461538461537
AMTH01,1.636818181818182
AACW01,1.7047368421052636
AXRD01,1.8
AICP01-A,2.1524999999999994
AICP01,2.3194736842105255
ACVD01-C,2.458421052631579
ASCR01,2.483333333333334
ATRM02-A,2.492040816326531
AREL01,2.549677419354839
ATRM01,3.084054054054054
ASSW01,3.114883720930233
AASH02,3.2797058823529412
APVD01-C,3.4022641509433966
AASH01,3.7209433962264136
AICP01-D,4.033030303030305
AICP01-C,4.059574468085107
ATRM01-B,4.875
APVD01,5.140857142857142
APVD01-B,6.226249999999999
